<?xml version="1.0" encoding="UTF-8"?>
<beans:beans xmlns="http://www.springframework.org/schema/mvc"
	xmlns:xsi="http://www.w3.org/2001/XMLSchema-instance"
	xmlns:beans="http://www.springframework.org/schema/beans"
	xmlns:context="http://www.springframework.org/schema/context"
	xmlns:aop="http://www.springframework.org/schema/aop"
	xsi:schemaLocation="http://www.springframework.org/schema/mvc https://www.springframework.org/schema/mvc/spring-mvc.xsd
		http://www.springframework.org/schema/beans https://www.springframework.org/schema/beans/spring-beans.xsd
		http://www.springframework.org/schema/context https://www.springframework.org/schema/context/spring-context.xsd
		http://www.springframework.org/schema/aop http://www.springframework.org/schema/aop/spring-aop-4.3.xsd">

	<!-- DispatcherServlet Context: defines this servlet's request-processing infrastructure -->
	
	<!-- Enables the Spring MVC @Controller programming model -->
	<annotation-driven />
	<context:annotation-config></context:annotation-config>
	

	<!-- Handles HTTP GET requests for /resources/** by efficiently serving up static resources in the ${webappRoot}/resources directory -->
	<resources mapping="/resources/**" location="/resources/" />
	<resources mapping="/css/**" location="/css/" />
	<resources mapping="/js/**" location="/js/" />
	<resources mapping="/img/**" location="/img/" />
	<resources mapping="/scss/**" location="/scss/" />
	<resources mapping="/vendor/**" location="/vendor/" />
	<resources mapping="/upload/**" location="/upload/" />

	<!-- Resolves views selected for rendering by @Controllers to .jsp resources in the /WEB-INF/views directory -->
	<beans:bean class="org.springframework.web.servlet.view.InternalResourceViewResolver">
		<beans:property name="prefix" value="/WEB-INF/views/" />
		<beans:property name="suffix" value=".jsp" />
	</beans:bean>
	
	<beans:bean id="multipartResolver" class="org.springframework.web.multipart.commons.CommonsMultipartResolver">
		<beans:property name="defaultEncoding" value="utf-8" />
		<beans:property name="maxUploadSize" value="1048576000" />
		<beans:property name="maxUploadSizePerFile" value="104857600" />
		<!-- 전달되는 용량이 커지면 임시파일을 사용해서 저장해좋는다. 1M보다 작으면 메인 메모리를 사용한다. 정해진 폴더가 없으면 만들어 준다. -->
		<beans:property name="uploadTempDir" value="file:/c:/upload/tmp" />
		<beans:property name="maxInMemorySize" value="10485760" />
	</beans:bean>
	
	<context:component-scan base-package="com.ezen_ticket" />
	
	<aop:aspectj-autoproxy />
	
	
</beans:beans>
